{
  "candidate_cap_sweep": [
    {
      "strategy": "ooc_full_scan",
      "candidate_cap": 20,
      "count": 20,
      "overall_em": 100.0,
      "gh_em_global": 100.0,
      "no_leak_pass_rate": 100.0,
      "llm_bypass_rate": 100.0,
      "mean_latency_ms": 36.96445499990659,
      "p50_latency_ms": 36.48745000100462,
      "p95_latency_ms": 47.24405000270054,
      "p99_latency_ms": 52.76089000130013,
      "max_latency_ms": 54.14010000095004,
      "avg_bytes_read": 14784.0,
      "max_bytes_read": 14786.0,
      "avg_blocks_materialized": 50.0,
      "avg_embedding_rows_scanned": 10000.0,
      "avg_resident_mb": 0.014099,
      "max_resident_mb": 0.014101,
      "index_size_mb": 60.60579967498779,
      "ooc_metrics_coverage": 100.0,
      "avg_ann_recall_at_k": null,
      "ann_used_rate": null,
      "ann_available_rate": null,
      "ann_fallback_reasons": []
    },
    {
      "strategy": "ooc_full_scan",
      "candidate_cap": 50,
      "count": 20,
      "overall_em": 100.0,
      "gh_em_global": 100.0,
      "no_leak_pass_rate": 100.0,
      "llm_bypass_rate": 100.0,
      "mean_latency_ms": 35.37283000023308,
      "p50_latency_ms": 34.438749999026186,
      "p95_latency_ms": 46.334874999229214,
      "p99_latency_ms": 46.92121500142093,
      "max_latency_ms": 47.06780000196886,
      "avg_bytes_read": 14701.6,
      "max_bytes_read": 14786.0,
      "avg_blocks_materialized": 50.0,
      "avg_embedding_rows_scanned": 10000.0,
      "avg_resident_mb": 0.01402045,
      "max_resident_mb": 0.014101,
      "index_size_mb": 60.60579967498779,
      "ooc_metrics_coverage": 100.0,
      "avg_ann_recall_at_k": null,
      "ann_used_rate": null,
      "ann_available_rate": null,
      "ann_fallback_reasons": []
    },
    {
      "strategy": "ooc_full_scan",
      "candidate_cap": 200,
      "count": 20,
      "overall_em": 100.0,
      "gh_em_global": 100.0,
      "no_leak_pass_rate": 100.0,
      "llm_bypass_rate": 100.0,
      "mean_latency_ms": 36.927914999614586,
      "p50_latency_ms": 36.28550000030373,
      "p95_latency_ms": 49.440649999633024,
      "p99_latency_ms": 50.49476999982289,
      "max_latency_ms": 50.75829999987036,
      "avg_bytes_read": 14707.8,
      "max_bytes_read": 14786.0,
      "avg_blocks_materialized": 50.0,
      "avg_embedding_rows_scanned": 10000.0,
      "avg_resident_mb": 0.0140263,
      "max_resident_mb": 0.014101,
      "index_size_mb": 60.60579967498779,
      "ooc_metrics_coverage": 100.0,
      "avg_ann_recall_at_k": null,
      "ann_used_rate": null,
      "ann_available_rate": null,
      "ann_fallback_reasons": []
    }
  ]
}