{
  "candidate_cap_sweep": [
    {
      "strategy": "ooc_full_scan",
      "candidate_cap": 20,
      "count": 20,
      "overall_em": 100.0,
      "gh_em_global": 100.0,
      "no_leak_pass_rate": 100.0,
      "llm_bypass_rate": 100.0,
      "mean_latency_ms": 234.87927000005584,
      "p50_latency_ms": 233.25470000054338,
      "p95_latency_ms": 278.6035400016772,
      "p99_latency_ms": 302.490948000086,
      "max_latency_ms": 308.4627999996883,
      "avg_bytes_read": 14806.5,
      "max_bytes_read": 14808.0,
      "avg_blocks_materialized": 50.0,
      "avg_embedding_rows_scanned": 100000.0,
      "avg_resident_mb": 0.014120500000000003,
      "max_resident_mb": 0.014122,
      "index_size_mb": 290.541543006897,
      "ooc_metrics_coverage": 100.0
    },
    {
      "strategy": "ooc_full_scan",
      "candidate_cap": 50,
      "count": 20,
      "overall_em": 100.0,
      "gh_em_global": 100.0,
      "no_leak_pass_rate": 100.0,
      "llm_bypass_rate": 100.0,
      "mean_latency_ms": 234.86714500013477,
      "p50_latency_ms": 234.03570000118634,
      "p95_latency_ms": 280.6460350011548,
      "p99_latency_ms": 302.087687000494,
      "max_latency_ms": 307.44810000032885,
      "avg_bytes_read": 14608.25,
      "max_bytes_read": 14806.0,
      "avg_blocks_materialized": 50.0,
      "avg_embedding_rows_scanned": 100000.0,
      "avg_resident_mb": 0.013931299999999999,
      "max_resident_mb": 0.01412,
      "index_size_mb": 290.541543006897,
      "ooc_metrics_coverage": 100.0
    },
    {
      "strategy": "ooc_full_scan",
      "candidate_cap": 200,
      "count": 20,
      "overall_em": 100.0,
      "gh_em_global": 100.0,
      "no_leak_pass_rate": 100.0,
      "llm_bypass_rate": 100.0,
      "mean_latency_ms": 243.28454500027874,
      "p50_latency_ms": 240.53099999946426,
      "p95_latency_ms": 283.0960650000634,
      "p99_latency_ms": 312.30385300244956,
      "max_latency_ms": 319.60580000304617,
      "avg_bytes_read": 14608.35,
      "max_bytes_read": 14806.0,
      "avg_blocks_materialized": 50.0,
      "avg_embedding_rows_scanned": 100000.0,
      "avg_resident_mb": 0.0139314,
      "max_resident_mb": 0.01412,
      "index_size_mb": 290.541543006897,
      "ooc_metrics_coverage": 100.0
    }
  ]
}