{
  "candidate_cap_sweep": [
    {
      "strategy": "ooc_full_scan",
      "candidate_cap": 20,
      "count": 10,
      "overall_em": 100.0,
      "gh_em_global": 100.0,
      "no_leak_pass_rate": 100.0,
      "llm_bypass_rate": 100.0,
      "mean_latency_ms": 10.155940000186092,
      "p50_latency_ms": 10.001749999901222,
      "p95_latency_ms": 11.069535000024187,
      "p99_latency_ms": 11.42438700018829,
      "max_latency_ms": 11.513100000229315,
      "avg_bytes_read": 14016.2,
      "max_bytes_read": 14019.0,
      "avg_blocks_materialized": 50.0,
      "avg_embedding_rows_scanned": 1000.0,
      "avg_resident_mb": 0.013367200000000001,
      "max_resident_mb": 0.01337,
      "index_size_mb": 2.8399267196655273,
      "ooc_metrics_coverage": 100.0,
      "avg_ann_recall_at_k": null,
      "ann_used_rate": null,
      "ann_available_rate": null,
      "ann_fallback_reasons": []
    },
    {
      "strategy": "ooc_full_scan",
      "candidate_cap": 50,
      "count": 10,
      "overall_em": 100.0,
      "gh_em_global": 100.0,
      "no_leak_pass_rate": 100.0,
      "llm_bypass_rate": 100.0,
      "mean_latency_ms": 10.119200000008277,
      "p50_latency_ms": 9.865800000625313,
      "p95_latency_ms": 11.180790000616978,
      "p99_latency_ms": 11.704878000709869,
      "max_latency_ms": 11.83590000073309,
      "avg_bytes_read": 14015.2,
      "max_bytes_read": 14019.0,
      "avg_blocks_materialized": 50.0,
      "avg_embedding_rows_scanned": 1000.0,
      "avg_resident_mb": 0.0133662,
      "max_resident_mb": 0.01337,
      "index_size_mb": 2.8399267196655273,
      "ooc_metrics_coverage": 100.0,
      "avg_ann_recall_at_k": null,
      "ann_used_rate": null,
      "ann_available_rate": null,
      "ann_fallback_reasons": []
    },
    {
      "strategy": "ooc_full_scan",
      "candidate_cap": 200,
      "count": 10,
      "overall_em": 100.0,
      "gh_em_global": 100.0,
      "no_leak_pass_rate": 100.0,
      "llm_bypass_rate": 100.0,
      "mean_latency_ms": 10.222880000219448,
      "p50_latency_ms": 10.052399999949557,
      "p95_latency_ms": 11.199455000769374,
      "p99_latency_ms": 11.843171000891743,
      "max_latency_ms": 12.004100000922335,
      "avg_bytes_read": 14017.5,
      "max_bytes_read": 14019.0,
      "avg_blocks_materialized": 50.0,
      "avg_embedding_rows_scanned": 1000.0,
      "avg_resident_mb": 0.0133685,
      "max_resident_mb": 0.01337,
      "index_size_mb": 2.8399267196655273,
      "ooc_metrics_coverage": 100.0,
      "avg_ann_recall_at_k": null,
      "ann_used_rate": null,
      "ann_available_rate": null,
      "ann_fallback_reasons": []
    }
  ]
}