{
  "candidate_cap_sweep": [
    {
      "strategy": "ooc_full_scan",
      "candidate_cap": 20,
      "count": 20,
      "overall_em": 100.0,
      "gh_em_global": 100.0,
      "no_leak_pass_rate": 100.0,
      "llm_bypass_rate": 100.0,
      "mean_latency_ms": 9.941165000236651,
      "p50_latency_ms": 9.843799998634495,
      "p95_latency_ms": 10.91183000098681,
      "p99_latency_ms": 11.360686001426075,
      "max_latency_ms": 11.47290000153589,
      "avg_bytes_read": 14754.25,
      "max_bytes_read": 14756.0,
      "avg_blocks_materialized": 50.0,
      "avg_embedding_rows_scanned": 1000.0,
      "avg_resident_mb": 0.0140707,
      "max_resident_mb": 0.014072,
      "index_size_mb": 2.840996742248535,
      "ooc_metrics_coverage": 100.0,
      "avg_ann_recall_at_k": null,
      "ann_used_rate": null,
      "ann_available_rate": null,
      "ann_fallback_reasons": []
    },
    {
      "strategy": "ooc_full_scan",
      "candidate_cap": 50,
      "count": 20,
      "overall_em": 100.0,
      "gh_em_global": 100.0,
      "no_leak_pass_rate": 100.0,
      "llm_bypass_rate": 100.0,
      "mean_latency_ms": 10.07083500007866,
      "p50_latency_ms": 9.886300000289339,
      "p95_latency_ms": 11.011484999289678,
      "p99_latency_ms": 11.053816998137336,
      "max_latency_ms": 11.06439999784925,
      "avg_bytes_read": 14753.65,
      "max_bytes_read": 14756.0,
      "avg_blocks_materialized": 50.0,
      "avg_embedding_rows_scanned": 1000.0,
      "avg_resident_mb": 0.014070250000000001,
      "max_resident_mb": 0.014072,
      "index_size_mb": 2.840996742248535,
      "ooc_metrics_coverage": 100.0,
      "avg_ann_recall_at_k": null,
      "ann_used_rate": null,
      "ann_available_rate": null,
      "ann_fallback_reasons": []
    },
    {
      "strategy": "ooc_full_scan",
      "candidate_cap": 200,
      "count": 20,
      "overall_em": 100.0,
      "gh_em_global": 100.0,
      "no_leak_pass_rate": 100.0,
      "llm_bypass_rate": 100.0,
      "mean_latency_ms": 10.235594999903697,
      "p50_latency_ms": 10.058800000479096,
      "p95_latency_ms": 11.136604998500845,
      "p99_latency_ms": 12.76308099946618,
      "max_latency_ms": 13.169699999707518,
      "avg_bytes_read": 14633.6,
      "max_bytes_read": 14756.0,
      "avg_blocks_materialized": 50.0,
      "avg_embedding_rows_scanned": 1000.0,
      "avg_resident_mb": 0.013955449999999998,
      "max_resident_mb": 0.014072,
      "index_size_mb": 2.840996742248535,
      "ooc_metrics_coverage": 100.0,
      "avg_ann_recall_at_k": null,
      "ann_used_rate": null,
      "ann_available_rate": null,
      "ann_fallback_reasons": []
    }
  ]
}