{
  "sizes": [
    1000
  ],
  "query_count": 10,
  "seed": 42,
  "strategy": "all",
  "ann_backends": [],
  "mixed_query_set": "marker",
  "summaries": [
    {
      "strategy": "legacy_memory_scan",
      "candidate_cap": null,
      "count": 10,
      "overall_em": 100.0,
      "gh_em_global": 100.0,
      "no_leak_pass_rate": 100.0,
      "llm_bypass_rate": 100.0,
      "mean_latency_ms": 3.741210000043793,
      "p50_latency_ms": 3.2313499996234896,
      "p95_latency_ms": 6.149280000590801,
      "p99_latency_ms": 7.751856000522822,
      "max_latency_ms": 8.152500000505825,
      "avg_bytes_read": 0.0,
      "max_bytes_read": 0.0,
      "avg_blocks_materialized": 1000.0,
      "avg_embedding_rows_scanned": 1000.0,
      "avg_resident_mb": 4.304770469665527,
      "max_resident_mb": 4.304770469665527,
      "index_size_mb": 2.8399267196655273,
      "ooc_metrics_coverage": 0.0,
      "avg_ann_recall_at_k": null,
      "ann_used_rate": null,
      "ann_available_rate": null,
      "ann_fallback_reasons": [],
      "size": 1000
    },
    {
      "strategy": "ooc_full_scan",
      "candidate_cap": 1000,
      "count": 10,
      "overall_em": 100.0,
      "gh_em_global": 100.0,
      "no_leak_pass_rate": 100.0,
      "llm_bypass_rate": 100.0,
      "mean_latency_ms": 105.36721000007674,
      "p50_latency_ms": 105.92614999950456,
      "p95_latency_ms": 109.68966000027649,
      "p99_latency_ms": 109.72321199971702,
      "max_latency_ms": 109.73159999957716,
      "avg_bytes_read": 266609.0,
      "max_bytes_read": 266609.0,
      "avg_blocks_materialized": 1000.0,
      "avg_embedding_rows_scanned": 1000.0,
      "avg_resident_mb": 0.254258,
      "max_resident_mb": 0.254258,
      "index_size_mb": 2.8399267196655273,
      "ooc_metrics_coverage": 100.0,
      "avg_ann_recall_at_k": null,
      "ann_used_rate": null,
      "ann_available_rate": null,
      "ann_fallback_reasons": [],
      "size": 1000
    },
    {
      "strategy": "ooc_marker_entity_pruned",
      "candidate_cap": 1000,
      "count": 10,
      "overall_em": 100.0,
      "gh_em_global": 100.0,
      "no_leak_pass_rate": 100.0,
      "llm_bypass_rate": 100.0,
      "mean_latency_ms": 2.8482799998528208,
      "p50_latency_ms": 2.6724999997895793,
      "p95_latency_ms": 3.569515000344835,
      "p99_latency_ms": 3.999823000121978,
      "max_latency_ms": 4.107400000066264,
      "avg_bytes_read": 337.9,
      "max_bytes_read": 370.0,
      "avg_blocks_materialized": 1.0,
      "avg_embedding_rows_scanned": 1.0,
      "avg_resident_mb": 0.00032240000000000003,
      "max_resident_mb": 0.000353,
      "index_size_mb": 2.8399267196655273,
      "ooc_metrics_coverage": 100.0,
      "avg_ann_recall_at_k": null,
      "ann_used_rate": null,
      "ann_available_rate": null,
      "ann_fallback_reasons": [],
      "size": 1000
    },
    {
      "strategy": "ooc_candidate_cap_sweep",
      "candidate_cap": 20,
      "count": 10,
      "overall_em": 100.0,
      "gh_em_global": 100.0,
      "no_leak_pass_rate": 100.0,
      "llm_bypass_rate": 100.0,
      "mean_latency_ms": 100.53476000066439,
      "p50_latency_ms": 100.80485000071349,
      "p95_latency_ms": 102.32944500039594,
      "p99_latency_ms": 102.37116899985267,
      "max_latency_ms": 102.38159999971685,
      "avg_bytes_read": 266609.0,
      "max_bytes_read": 266609.0,
      "avg_blocks_materialized": 1000.0,
      "avg_embedding_rows_scanned": 1000.0,
      "avg_resident_mb": 0.254258,
      "max_resident_mb": 0.254258,
      "index_size_mb": 2.8399267196655273,
      "ooc_metrics_coverage": 100.0,
      "avg_ann_recall_at_k": null,
      "ann_used_rate": null,
      "ann_available_rate": null,
      "ann_fallback_reasons": [],
      "size": 1000
    },
    {
      "strategy": "ooc_candidate_cap_sweep",
      "candidate_cap": 50,
      "count": 10,
      "overall_em": 100.0,
      "gh_em_global": 100.0,
      "no_leak_pass_rate": 100.0,
      "llm_bypass_rate": 100.0,
      "mean_latency_ms": 99.3970999996236,
      "p50_latency_ms": 98.78954999931011,
      "p95_latency_ms": 103.1898349997391,
      "p99_latency_ms": 104.9954869992689,
      "max_latency_ms": 105.44689999915136,
      "avg_bytes_read": 266609.0,
      "max_bytes_read": 266609.0,
      "avg_blocks_materialized": 1000.0,
      "avg_embedding_rows_scanned": 1000.0,
      "avg_resident_mb": 0.254258,
      "max_resident_mb": 0.254258,
      "index_size_mb": 2.8399267196655273,
      "ooc_metrics_coverage": 100.0,
      "avg_ann_recall_at_k": null,
      "ann_used_rate": null,
      "ann_available_rate": null,
      "ann_fallback_reasons": [],
      "size": 1000
    },
    {
      "strategy": "ooc_candidate_cap_sweep",
      "candidate_cap": 1000,
      "count": 10,
      "overall_em": 100.0,
      "gh_em_global": 100.0,
      "no_leak_pass_rate": 100.0,
      "llm_bypass_rate": 100.0,
      "mean_latency_ms": 103.37915999971301,
      "p50_latency_ms": 103.49350000069535,
      "p95_latency_ms": 106.4696799993726,
      "p99_latency_ms": 107.0095359996958,
      "max_latency_ms": 107.1444999997766,
      "avg_bytes_read": 266609.0,
      "max_bytes_read": 266609.0,
      "avg_blocks_materialized": 1000.0,
      "avg_embedding_rows_scanned": 1000.0,
      "avg_resident_mb": 0.254258,
      "max_resident_mb": 0.254258,
      "index_size_mb": 2.8399267196655273,
      "ooc_metrics_coverage": 100.0,
      "avg_ann_recall_at_k": null,
      "ann_used_rate": null,
      "ann_available_rate": null,
      "ann_fallback_reasons": [],
      "size": 1000
    }
  ]
}