{
  "candidate_cap_sweep": [
    {
      "strategy": "ooc_full_scan",
      "candidate_cap": 20,
      "count": 10,
      "overall_em": 100.0,
      "gh_em_global": 100.0,
      "no_leak_pass_rate": 100.0,
      "llm_bypass_rate": 100.0,
      "mean_latency_ms": 100.53476000066439,
      "p50_latency_ms": 100.80485000071349,
      "p95_latency_ms": 102.32944500039594,
      "p99_latency_ms": 102.37116899985267,
      "max_latency_ms": 102.38159999971685,
      "avg_bytes_read": 266609.0,
      "max_bytes_read": 266609.0,
      "avg_blocks_materialized": 1000.0,
      "avg_embedding_rows_scanned": 1000.0,
      "avg_resident_mb": 0.254258,
      "max_resident_mb": 0.254258,
      "index_size_mb": 2.8399267196655273,
      "ooc_metrics_coverage": 100.0,
      "avg_ann_recall_at_k": null,
      "ann_used_rate": null,
      "ann_available_rate": null,
      "ann_fallback_reasons": []
    },
    {
      "strategy": "ooc_full_scan",
      "candidate_cap": 50,
      "count": 10,
      "overall_em": 100.0,
      "gh_em_global": 100.0,
      "no_leak_pass_rate": 100.0,
      "llm_bypass_rate": 100.0,
      "mean_latency_ms": 99.3970999996236,
      "p50_latency_ms": 98.78954999931011,
      "p95_latency_ms": 103.1898349997391,
      "p99_latency_ms": 104.9954869992689,
      "max_latency_ms": 105.44689999915136,
      "avg_bytes_read": 266609.0,
      "max_bytes_read": 266609.0,
      "avg_blocks_materialized": 1000.0,
      "avg_embedding_rows_scanned": 1000.0,
      "avg_resident_mb": 0.254258,
      "max_resident_mb": 0.254258,
      "index_size_mb": 2.8399267196655273,
      "ooc_metrics_coverage": 100.0,
      "avg_ann_recall_at_k": null,
      "ann_used_rate": null,
      "ann_available_rate": null,
      "ann_fallback_reasons": []
    },
    {
      "strategy": "ooc_full_scan",
      "candidate_cap": 1000,
      "count": 10,
      "overall_em": 100.0,
      "gh_em_global": 100.0,
      "no_leak_pass_rate": 100.0,
      "llm_bypass_rate": 100.0,
      "mean_latency_ms": 103.37915999971301,
      "p50_latency_ms": 103.49350000069535,
      "p95_latency_ms": 106.4696799993726,
      "p99_latency_ms": 107.0095359996958,
      "max_latency_ms": 107.1444999997766,
      "avg_bytes_read": 266609.0,
      "max_bytes_read": 266609.0,
      "avg_blocks_materialized": 1000.0,
      "avg_embedding_rows_scanned": 1000.0,
      "avg_resident_mb": 0.254258,
      "max_resident_mb": 0.254258,
      "index_size_mb": 2.8399267196655273,
      "ooc_metrics_coverage": 100.0,
      "avg_ann_recall_at_k": null,
      "ann_used_rate": null,
      "ann_available_rate": null,
      "ann_fallback_reasons": []
    }
  ]
}