{
  "candidate_cap_sweep": [
    {
      "strategy": "ooc_full_scan",
      "candidate_cap": 20,
      "count": 20,
      "overall_em": 100.0,
      "gh_em_global": 100.0,
      "no_leak_pass_rate": 100.0,
      "llm_bypass_rate": 100.0,
      "mean_latency_ms": 279.3754499998613,
      "p50_latency_ms": 272.9707500002405,
      "p95_latency_ms": 401.37848499834945,
      "p99_latency_ms": 401.5393770013907,
      "max_latency_ms": 401.579600002151,
      "avg_bytes_read": 14814.15,
      "max_bytes_read": 14816.0,
      "avg_blocks_materialized": 50.0,
      "avg_embedding_rows_scanned": 100000.0,
      "avg_resident_mb": 0.01412815,
      "max_resident_mb": 0.01413,
      "index_size_mb": 609.4713773727417,
      "ooc_metrics_coverage": 100.0,
      "avg_ann_recall_at_k": null,
      "ann_used_rate": null,
      "ann_available_rate": null,
      "ann_fallback_reasons": []
    },
    {
      "strategy": "ooc_full_scan",
      "candidate_cap": 50,
      "count": 20,
      "overall_em": 100.0,
      "gh_em_global": 100.0,
      "no_leak_pass_rate": 100.0,
      "llm_bypass_rate": 100.0,
      "mean_latency_ms": 271.11503500018443,
      "p50_latency_ms": 258.106700001008,
      "p95_latency_ms": 398.3040750015789,
      "p99_latency_ms": 400.6444950003788,
      "max_latency_ms": 401.2296000000788,
      "avg_bytes_read": 14541.5,
      "max_bytes_read": 14816.0,
      "avg_blocks_materialized": 50.0,
      "avg_embedding_rows_scanned": 100000.0,
      "avg_resident_mb": 0.013867899999999999,
      "max_resident_mb": 0.01413,
      "index_size_mb": 609.4713773727417,
      "ooc_metrics_coverage": 100.0,
      "avg_ann_recall_at_k": null,
      "ann_used_rate": null,
      "ann_available_rate": null,
      "ann_fallback_reasons": []
    },
    {
      "strategy": "ooc_full_scan",
      "candidate_cap": 200,
      "count": 20,
      "overall_em": 100.0,
      "gh_em_global": 100.0,
      "no_leak_pass_rate": 100.0,
      "llm_bypass_rate": 100.0,
      "mean_latency_ms": 275.38634999982605,
      "p50_latency_ms": 266.5883500012569,
      "p95_latency_ms": 385.47594499941624,
      "p99_latency_ms": 412.1708690004743,
      "max_latency_ms": 418.84460000073886,
      "avg_bytes_read": 14541.55,
      "max_bytes_read": 14816.0,
      "avg_blocks_materialized": 50.0,
      "avg_embedding_rows_scanned": 100000.0,
      "avg_resident_mb": 0.01386795,
      "max_resident_mb": 0.01413,
      "index_size_mb": 609.4713773727417,
      "ooc_metrics_coverage": 100.0,
      "avg_ann_recall_at_k": null,
      "ann_used_rate": null,
      "ann_available_rate": null,
      "ann_fallback_reasons": []
    }
  ]
}