{
  "candidate_cap_sweep": [
    {
      "strategy": "ooc_full_scan",
      "candidate_cap": 20,
      "count": 20,
      "overall_em": 100.0,
      "gh_em_global": 100.0,
      "no_leak_pass_rate": 100.0,
      "llm_bypass_rate": 100.0,
      "mean_latency_ms": 9.578315000180737,
      "p50_latency_ms": 9.393150001415052,
      "p95_latency_ms": 10.636265002176515,
      "p99_latency_ms": 10.822693000591244,
      "max_latency_ms": 10.869300000194926,
      "avg_bytes_read": 14754.25,
      "max_bytes_read": 14756.0,
      "avg_blocks_materialized": 50.0,
      "avg_embedding_rows_scanned": 1000.0,
      "avg_resident_mb": 0.0140707,
      "max_resident_mb": 0.014072,
      "index_size_mb": 6.029806137084961,
      "ooc_metrics_coverage": 100.0,
      "avg_ann_recall_at_k": null,
      "ann_used_rate": null,
      "ann_available_rate": null,
      "ann_fallback_reasons": []
    },
    {
      "strategy": "ooc_full_scan",
      "candidate_cap": 50,
      "count": 20,
      "overall_em": 100.0,
      "gh_em_global": 100.0,
      "no_leak_pass_rate": 100.0,
      "llm_bypass_rate": 100.0,
      "mean_latency_ms": 9.707514999718114,
      "p50_latency_ms": 9.766550001586438,
      "p95_latency_ms": 11.234779999722377,
      "p99_latency_ms": 11.482235998337273,
      "max_latency_ms": 11.544099997990998,
      "avg_bytes_read": 14753.65,
      "max_bytes_read": 14756.0,
      "avg_blocks_materialized": 50.0,
      "avg_embedding_rows_scanned": 1000.0,
      "avg_resident_mb": 0.014070250000000001,
      "max_resident_mb": 0.014072,
      "index_size_mb": 6.029806137084961,
      "ooc_metrics_coverage": 100.0,
      "avg_ann_recall_at_k": null,
      "ann_used_rate": null,
      "ann_available_rate": null,
      "ann_fallback_reasons": []
    },
    {
      "strategy": "ooc_full_scan",
      "candidate_cap": 200,
      "count": 20,
      "overall_em": 100.0,
      "gh_em_global": 100.0,
      "no_leak_pass_rate": 100.0,
      "llm_bypass_rate": 100.0,
      "mean_latency_ms": 10.137919999579026,
      "p50_latency_ms": 10.105499999554013,
      "p95_latency_ms": 11.501739999948768,
      "p99_latency_ms": 12.204587999003705,
      "max_latency_ms": 12.380299998767441,
      "avg_bytes_read": 14633.6,
      "max_bytes_read": 14756.0,
      "avg_blocks_materialized": 50.0,
      "avg_embedding_rows_scanned": 1000.0,
      "avg_resident_mb": 0.013955449999999998,
      "max_resident_mb": 0.014072,
      "index_size_mb": 6.029806137084961,
      "ooc_metrics_coverage": 100.0,
      "avg_ann_recall_at_k": null,
      "ann_used_rate": null,
      "ann_available_rate": null,
      "ann_fallback_reasons": []
    }
  ]
}