{
  "candidate_cap_sweep": [
    {
      "strategy": "ooc_full_scan",
      "candidate_cap": 20,
      "count": 20,
      "overall_em": 100.0,
      "gh_em_global": 100.0,
      "no_leak_pass_rate": 100.0,
      "llm_bypass_rate": 100.0,
      "mean_latency_ms": 37.18587000003026,
      "p50_latency_ms": 36.96440000021539,
      "p95_latency_ms": 48.505959999783954,
      "p99_latency_ms": 50.66831200023443,
      "max_latency_ms": 51.20890000034706,
      "avg_bytes_read": 14784.0,
      "max_bytes_read": 14786.0,
      "avg_blocks_materialized": 50.0,
      "avg_embedding_rows_scanned": 10000.0,
      "avg_resident_mb": 0.014099,
      "max_resident_mb": 0.014101,
      "index_size_mb": 60.60579967498779,
      "ooc_metrics_coverage": 100.0,
      "avg_ann_recall_at_k": null,
      "ann_used_rate": null,
      "ann_available_rate": null,
      "ann_fallback_reasons": []
    },
    {
      "strategy": "ooc_full_scan",
      "candidate_cap": 50,
      "count": 20,
      "overall_em": 100.0,
      "gh_em_global": 100.0,
      "no_leak_pass_rate": 100.0,
      "llm_bypass_rate": 100.0,
      "mean_latency_ms": 35.95382499988773,
      "p50_latency_ms": 35.14164999978675,
      "p95_latency_ms": 48.70279500228207,
      "p99_latency_ms": 49.559999001612596,
      "max_latency_ms": 49.774300001445226,
      "avg_bytes_read": 14701.6,
      "max_bytes_read": 14786.0,
      "avg_blocks_materialized": 50.0,
      "avg_embedding_rows_scanned": 10000.0,
      "avg_resident_mb": 0.01402045,
      "max_resident_mb": 0.014101,
      "index_size_mb": 60.60579967498779,
      "ooc_metrics_coverage": 100.0,
      "avg_ann_recall_at_k": null,
      "ann_used_rate": null,
      "ann_available_rate": null,
      "ann_fallback_reasons": []
    },
    {
      "strategy": "ooc_full_scan",
      "candidate_cap": 200,
      "count": 20,
      "overall_em": 100.0,
      "gh_em_global": 100.0,
      "no_leak_pass_rate": 100.0,
      "llm_bypass_rate": 100.0,
      "mean_latency_ms": 36.39246999973693,
      "p50_latency_ms": 36.2531000009767,
      "p95_latency_ms": 47.217170000112674,
      "p99_latency_ms": 48.85223400011455,
      "max_latency_ms": 49.26100000011502,
      "avg_bytes_read": 14707.8,
      "max_bytes_read": 14786.0,
      "avg_blocks_materialized": 50.0,
      "avg_embedding_rows_scanned": 10000.0,
      "avg_resident_mb": 0.0140263,
      "max_resident_mb": 0.014101,
      "index_size_mb": 60.60579967498779,
      "ooc_metrics_coverage": 100.0,
      "avg_ann_recall_at_k": null,
      "ann_used_rate": null,
      "ann_available_rate": null,
      "ann_fallback_reasons": []
    }
  ]
}