{
  "candidate_cap_sweep": [
    {
      "strategy": "ooc_full_scan",
      "candidate_cap": 20,
      "count": 20,
      "overall_em": 100.0,
      "gh_em_global": 100.0,
      "no_leak_pass_rate": 100.0,
      "llm_bypass_rate": 100.0,
      "mean_latency_ms": 10.181795000607963,
      "p50_latency_ms": 9.878300001219031,
      "p95_latency_ms": 11.461650002456738,
      "p99_latency_ms": 12.552250001172068,
      "max_latency_ms": 12.824900000850903,
      "avg_bytes_read": 14754.25,
      "max_bytes_read": 14756.0,
      "avg_blocks_materialized": 50.0,
      "avg_embedding_rows_scanned": 1000.0,
      "avg_resident_mb": 0.0140707,
      "max_resident_mb": 0.014072,
      "index_size_mb": 6.029806137084961,
      "ooc_metrics_coverage": 100.0,
      "avg_ann_recall_at_k": null,
      "ann_used_rate": null,
      "ann_available_rate": null,
      "ann_fallback_reasons": []
    },
    {
      "strategy": "ooc_full_scan",
      "candidate_cap": 50,
      "count": 20,
      "overall_em": 100.0,
      "gh_em_global": 100.0,
      "no_leak_pass_rate": 100.0,
      "llm_bypass_rate": 100.0,
      "mean_latency_ms": 10.201940000479226,
      "p50_latency_ms": 10.115650000443566,
      "p95_latency_ms": 11.389010002676514,
      "p99_latency_ms": 11.687081999625661,
      "max_latency_ms": 11.761599998862948,
      "avg_bytes_read": 14753.65,
      "max_bytes_read": 14756.0,
      "avg_blocks_materialized": 50.0,
      "avg_embedding_rows_scanned": 1000.0,
      "avg_resident_mb": 0.014070250000000001,
      "max_resident_mb": 0.014072,
      "index_size_mb": 6.029806137084961,
      "ooc_metrics_coverage": 100.0,
      "avg_ann_recall_at_k": null,
      "ann_used_rate": null,
      "ann_available_rate": null,
      "ann_fallback_reasons": []
    },
    {
      "strategy": "ooc_full_scan",
      "candidate_cap": 200,
      "count": 20,
      "overall_em": 100.0,
      "gh_em_global": 100.0,
      "no_leak_pass_rate": 100.0,
      "llm_bypass_rate": 100.0,
      "mean_latency_ms": 10.38596500056883,
      "p50_latency_ms": 10.20645000062359,
      "p95_latency_ms": 11.582285000804404,
      "p99_latency_ms": 11.743177001080767,
      "max_latency_ms": 11.783400001149857,
      "avg_bytes_read": 14633.6,
      "max_bytes_read": 14756.0,
      "avg_blocks_materialized": 50.0,
      "avg_embedding_rows_scanned": 1000.0,
      "avg_resident_mb": 0.013955449999999998,
      "max_resident_mb": 0.014072,
      "index_size_mb": 6.029806137084961,
      "ooc_metrics_coverage": 100.0,
      "avg_ann_recall_at_k": null,
      "ann_used_rate": null,
      "ann_available_rate": null,
      "ann_fallback_reasons": []
    }
  ]
}