{
  "sizes": [
    1000,
    10000
  ],
  "query_count": 20,
  "seed": 42,
  "strategy": "all",
  "ann_backends": [
    "faiss_flat",
    "faiss_hnsw"
  ],
  "mixed_query_set": "marker,entity,semantic",
  "summaries": [
    {
      "strategy": "legacy_memory_scan",
      "candidate_cap": null,
      "count": 20,
      "overall_em": 100.0,
      "gh_em_global": 100.0,
      "no_leak_pass_rate": 100.0,
      "llm_bypass_rate": 100.0,
      "mean_latency_ms": 3.7821849993633805,
      "p50_latency_ms": 3.5341499988135183,
      "p95_latency_ms": 6.290075000833896,
      "p99_latency_ms": 7.875055001022699,
      "max_latency_ms": 8.271300001069903,
      "avg_bytes_read": 0.0,
      "max_bytes_read": 0.0,
      "avg_blocks_materialized": 1000.0,
      "avg_embedding_rows_scanned": 1000.0,
      "avg_resident_mb": 7.494649887084961,
      "max_resident_mb": 7.494649887084961,
      "index_size_mb": 6.029806137084961,
      "ooc_metrics_coverage": 0.0,
      "avg_ann_recall_at_k": null,
      "ann_used_rate": null,
      "ann_available_rate": null,
      "ann_fallback_reasons": [],
      "size": 1000
    },
    {
      "strategy": "ooc_full_scan",
      "candidate_cap": 200,
      "count": 20,
      "overall_em": 100.0,
      "gh_em_global": 100.0,
      "no_leak_pass_rate": 100.0,
      "llm_bypass_rate": 100.0,
      "mean_latency_ms": 10.18532999951276,
      "p50_latency_ms": 10.06280000001425,
      "p95_latency_ms": 11.374184999112913,
      "p99_latency_ms": 12.26771699857636,
      "max_latency_ms": 12.491099998442223,
      "avg_bytes_read": 14633.6,
      "max_bytes_read": 14756.0,
      "avg_blocks_materialized": 50.0,
      "avg_embedding_rows_scanned": 1000.0,
      "avg_resident_mb": 0.013955449999999998,
      "max_resident_mb": 0.014072,
      "index_size_mb": 6.029806137084961,
      "ooc_metrics_coverage": 100.0,
      "avg_ann_recall_at_k": null,
      "ann_used_rate": null,
      "ann_available_rate": null,
      "ann_fallback_reasons": [],
      "size": 1000
    },
    {
      "strategy": "ooc_marker_entity_pruned",
      "candidate_cap": 200,
      "count": 20,
      "overall_em": 100.0,
      "gh_em_global": 100.0,
      "no_leak_pass_rate": 100.0,
      "llm_bypass_rate": 100.0,
      "mean_latency_ms": 7.618229999752657,
      "p50_latency_ms": 9.089400002267212,
      "p95_latency_ms": 13.075959998968756,
      "p99_latency_ms": 13.409751996950945,
      "max_latency_ms": 13.493199996446492,
      "avg_bytes_read": 9684.6,
      "max_bytes_read": 14756.0,
      "avg_blocks_materialized": 32.85,
      "avg_embedding_rows_scanned": 130.35,
      "avg_resident_mb": 0.00923575,
      "max_resident_mb": 0.014072,
      "index_size_mb": 6.029806137084961,
      "ooc_metrics_coverage": 100.0,
      "avg_ann_recall_at_k": null,
      "ann_used_rate": null,
      "ann_available_rate": null,
      "ann_fallback_reasons": [],
      "size": 1000
    },
    {
      "strategy": "ooc_ann_flat",
      "candidate_cap": 200,
      "count": 20,
      "overall_em": 100.0,
      "gh_em_global": 100.0,
      "no_leak_pass_rate": 100.0,
      "llm_bypass_rate": 100.0,
      "mean_latency_ms": 8.39051000039035,
      "p50_latency_ms": 7.602400000905618,
      "p95_latency_ms": 9.816725000382586,
      "p99_latency_ms": 20.817344997449236,
      "max_latency_ms": 23.567499996715924,
      "avg_bytes_read": 13435.9,
      "max_bytes_read": 13559.0,
      "avg_blocks_materialized": 50.0,
      "avg_embedding_rows_scanned": 200.0,
      "avg_resident_mb": 0.012813399999999999,
      "max_resident_mb": 0.012931,
      "index_size_mb": 6.029806137084961,
      "ooc_metrics_coverage": 100.0,
      "avg_ann_recall_at_k": 31.4,
      "ann_used_rate": 100.0,
      "ann_available_rate": 100.0,
      "ann_fallback_reasons": [],
      "size": 1000
    },
    {
      "strategy": "ooc_ann_hnsw",
      "candidate_cap": 200,
      "count": 20,
      "overall_em": 100.0,
      "gh_em_global": 100.0,
      "no_leak_pass_rate": 100.0,
      "llm_bypass_rate": 100.0,
      "mean_latency_ms": 8.657270000003336,
      "p50_latency_ms": 7.747599998765509,
      "p95_latency_ms": 9.575664996918942,
      "p99_latency_ms": 21.335373001020322,
      "max_latency_ms": 24.275300002045697,
      "avg_bytes_read": 13435.9,
      "max_bytes_read": 13559.0,
      "avg_blocks_materialized": 50.0,
      "avg_embedding_rows_scanned": 200.0,
      "avg_resident_mb": 0.012813399999999999,
      "max_resident_mb": 0.012931,
      "index_size_mb": 6.029806137084961,
      "ooc_metrics_coverage": 100.0,
      "avg_ann_recall_at_k": 31.4,
      "ann_used_rate": 100.0,
      "ann_available_rate": 100.0,
      "ann_fallback_reasons": [],
      "size": 1000
    },
    {
      "strategy": "ooc_ann_pruned_hybrid",
      "candidate_cap": 200,
      "count": 20,
      "overall_em": 100.0,
      "gh_em_global": 100.0,
      "no_leak_pass_rate": 100.0,
      "llm_bypass_rate": 100.0,
      "mean_latency_ms": 6.840454999837675,
      "p50_latency_ms": 8.385699999053031,
      "p95_latency_ms": 10.087369999564544,
      "p99_latency_ms": 11.006514000509922,
      "max_latency_ms": 11.236300000746269,
      "avg_bytes_read": 9684.6,
      "max_bytes_read": 14756.0,
      "avg_blocks_materialized": 32.85,
      "avg_embedding_rows_scanned": 130.35,
      "avg_resident_mb": 0.00923575,
      "max_resident_mb": 0.014072,
      "index_size_mb": 6.029806137084961,
      "ooc_metrics_coverage": 100.0,
      "avg_ann_recall_at_k": null,
      "ann_used_rate": 0.0,
      "ann_available_rate": 0.0,
      "ann_fallback_reasons": [
        "pruned_candidates_sufficient"
      ],
      "size": 1000
    },
    {
      "strategy": "ooc_candidate_cap_sweep",
      "candidate_cap": 20,
      "count": 20,
      "overall_em": 100.0,
      "gh_em_global": 100.0,
      "no_leak_pass_rate": 100.0,
      "llm_bypass_rate": 100.0,
      "mean_latency_ms": 9.578315000180737,
      "p50_latency_ms": 9.393150001415052,
      "p95_latency_ms": 10.636265002176515,
      "p99_latency_ms": 10.822693000591244,
      "max_latency_ms": 10.869300000194926,
      "avg_bytes_read": 14754.25,
      "max_bytes_read": 14756.0,
      "avg_blocks_materialized": 50.0,
      "avg_embedding_rows_scanned": 1000.0,
      "avg_resident_mb": 0.0140707,
      "max_resident_mb": 0.014072,
      "index_size_mb": 6.029806137084961,
      "ooc_metrics_coverage": 100.0,
      "avg_ann_recall_at_k": null,
      "ann_used_rate": null,
      "ann_available_rate": null,
      "ann_fallback_reasons": [],
      "size": 1000
    },
    {
      "strategy": "ooc_candidate_cap_sweep",
      "candidate_cap": 50,
      "count": 20,
      "overall_em": 100.0,
      "gh_em_global": 100.0,
      "no_leak_pass_rate": 100.0,
      "llm_bypass_rate": 100.0,
      "mean_latency_ms": 9.707514999718114,
      "p50_latency_ms": 9.766550001586438,
      "p95_latency_ms": 11.234779999722377,
      "p99_latency_ms": 11.482235998337273,
      "max_latency_ms": 11.544099997990998,
      "avg_bytes_read": 14753.65,
      "max_bytes_read": 14756.0,
      "avg_blocks_materialized": 50.0,
      "avg_embedding_rows_scanned": 1000.0,
      "avg_resident_mb": 0.014070250000000001,
      "max_resident_mb": 0.014072,
      "index_size_mb": 6.029806137084961,
      "ooc_metrics_coverage": 100.0,
      "avg_ann_recall_at_k": null,
      "ann_used_rate": null,
      "ann_available_rate": null,
      "ann_fallback_reasons": [],
      "size": 1000
    },
    {
      "strategy": "ooc_candidate_cap_sweep",
      "candidate_cap": 200,
      "count": 20,
      "overall_em": 100.0,
      "gh_em_global": 100.0,
      "no_leak_pass_rate": 100.0,
      "llm_bypass_rate": 100.0,
      "mean_latency_ms": 10.137919999579026,
      "p50_latency_ms": 10.105499999554013,
      "p95_latency_ms": 11.501739999948768,
      "p99_latency_ms": 12.204587999003705,
      "max_latency_ms": 12.380299998767441,
      "avg_bytes_read": 14633.6,
      "max_bytes_read": 14756.0,
      "avg_blocks_materialized": 50.0,