{
  "candidate_cap_sweep": [
    {
      "strategy": "ooc_full_scan",
      "candidate_cap": 20,
      "count": 20,
      "overall_em": 100.0,
      "gh_em_global": 100.0,
      "no_leak_pass_rate": 100.0,
      "llm_bypass_rate": 100.0,
      "mean_latency_ms": 122.7630550001777,
      "p50_latency_ms": 121.40499999986787,
      "p95_latency_ms": 146.4309749986569,
      "p99_latency_ms": 152.4923550018866,
      "max_latency_ms": 154.00770000269404,
      "avg_bytes_read": 14804.55,
      "max_bytes_read": 14808.0,
      "avg_blocks_materialized": 50.0,
      "avg_embedding_rows_scanned": 50000.0,
      "avg_resident_mb": 0.014118549999999999,
      "max_resident_mb": 0.014122,
      "index_size_mb": 144.58516597747803,
      "ooc_metrics_coverage": 100.0
    },
    {
      "strategy": "ooc_full_scan",
      "candidate_cap": 50,
      "count": 20,
      "overall_em": 100.0,
      "gh_em_global": 100.0,
      "no_leak_pass_rate": 100.0,
      "llm_bypass_rate": 100.0,
      "mean_latency_ms": 122.89652499985095,
      "p50_latency_ms": 120.82569999984116,
      "p95_latency_ms": 152.32332500127086,
      "p99_latency_ms": 157.95074500136252,
      "max_latency_ms": 159.35760000138544,
      "avg_bytes_read": 14604.65,
      "max_bytes_read": 14805.0,
      "avg_blocks_materialized": 50.0,
      "avg_embedding_rows_scanned": 50000.0,
      "avg_resident_mb": 0.013927949999999998,
      "max_resident_mb": 0.014119,
      "index_size_mb": 144.58516597747803,
      "ooc_metrics_coverage": 100.0
    },
    {
      "strategy": "ooc_full_scan",
      "candidate_cap": 200,
      "count": 20,
      "overall_em": 100.0,
      "gh_em_global": 100.0,
      "no_leak_pass_rate": 100.0,
      "llm_bypass_rate": 100.0,
      "mean_latency_ms": 123.04174000055355,
      "p50_latency_ms": 121.15914999958477,
      "p95_latency_ms": 146.13625000038155,
      "p99_latency_ms": 158.18605000149543,
      "max_latency_ms": 161.19850000177394,
      "avg_bytes_read": 14604.7,
      "max_bytes_read": 14805.0,
      "avg_blocks_materialized": 50.0,
      "avg_embedding_rows_scanned": 50000.0,
      "avg_resident_mb": 0.013928,
      "max_resident_mb": 0.014119,
      "index_size_mb": 144.58516597747803,
      "ooc_metrics_coverage": 100.0
    }
  ]
}