{
  "candidate_cap_sweep": [
    {
      "strategy": "ooc_full_scan",
      "candidate_cap": 20,
      "count": 20,
      "overall_em": 100.0,
      "gh_em_global": 100.0,
      "no_leak_pass_rate": 100.0,
      "llm_bypass_rate": 100.0,
      "mean_latency_ms": 32.97794999925827,
      "p50_latency_ms": 33.27460000218707,
      "p95_latency_ms": 36.71946499780461,
      "p99_latency_ms": 39.56285299987939,
      "max_latency_ms": 40.273700000398094,
      "avg_bytes_read": 14776.95,
      "max_bytes_read": 14779.0,
      "avg_blocks_materialized": 50.0,
      "avg_embedding_rows_scanned": 10000.0,
      "avg_resident_mb": 0.014092100000000002,
      "max_resident_mb": 0.014094,
      "index_size_mb": 28.715699195861816,
      "ooc_metrics_coverage": 100.0
    },
    {
      "strategy": "ooc_full_scan",
      "candidate_cap": 50,
      "count": 20,
      "overall_em": 100.0,
      "gh_em_global": 100.0,
      "no_leak_pass_rate": 100.0,
      "llm_bypass_rate": 100.0,
      "mean_latency_ms": 35.142159999486466,
      "p50_latency_ms": 35.12199999931909,
      "p95_latency_ms": 40.80674000124418,
      "p99_latency_ms": 41.81206800039945,
      "max_latency_ms": 42.06340000018827,
      "avg_bytes_read": 14775.6,
      "max_bytes_read": 14778.0,
      "avg_blocks_materialized": 50.0,
      "avg_embedding_rows_scanned": 10000.0,
      "avg_resident_mb": 0.014091050000000003,
      "max_resident_mb": 0.014093,
      "index_size_mb": 28.715699195861816,
      "ooc_metrics_coverage": 100.0
    },
    {
      "strategy": "ooc_full_scan",
      "candidate_cap": 200,
      "count": 20,
      "overall_em": 100.0,
      "gh_em_global": 100.0,
      "no_leak_pass_rate": 100.0,
      "llm_bypass_rate": 100.0,
      "mean_latency_ms": 33.16809499920055,
      "p50_latency_ms": 32.800949999000295,
      "p95_latency_ms": 38.07989499764517,
      "p99_latency_ms": 41.71109899878501,
      "max_latency_ms": 42.61889999906998,
      "avg_bytes_read": 14775.85,
      "max_bytes_read": 14778.0,
      "avg_blocks_materialized": 50.0,
      "avg_embedding_rows_scanned": 10000.0,
      "avg_resident_mb": 0.014091250000000003,
      "max_resident_mb": 0.014093,
      "index_size_mb": 28.715699195861816,
      "ooc_metrics_coverage": 100.0
    }
  ]
}