{
  "sizes": [
    1000,
    10000,
    50000,
    100000
  ],
  "query_count": 20,
  "seed": 42,
  "strategy": "all",
  "summaries": [
    {
      "strategy": "legacy_memory_scan",
      "candidate_cap": null,
      "count": 20,
      "overall_em": 100.0,
      "gh_em_global": 100.0,
      "no_leak_pass_rate": 100.0,
      "llm_bypass_rate": 100.0,
      "mean_latency_ms": 2.308745000482304,
      "p50_latency_ms": 2.0804499999940163,
      "p95_latency_ms": 3.094404999137626,
      "p99_latency_ms": 5.745361001318083,
      "max_latency_ms": 6.408100001863204,
      "avg_bytes_read": 0.0,
      "max_bytes_read": 0.0,
      "avg_blocks_materialized": 1000.0,
      "avg_embedding_rows_scanned": 1000.0,
      "avg_resident_mb": 4.304592132568359,
      "max_resident_mb": 4.304592132568359,
      "index_size_mb": 2.8397483825683594,
      "ooc_metrics_coverage": 0.0,
      "size": 1000
    },
    {
      "strategy": "ooc_full_scan",
      "candidate_cap": 200,
      "count": 20,
      "overall_em": 100.0,
      "gh_em_global": 100.0,
      "no_leak_pass_rate": 100.0,
      "llm_bypass_rate": 100.0,
      "mean_latency_ms": 9.967849999702594,
      "p50_latency_ms": 9.678499998699408,
      "p95_latency_ms": 11.557654998250655,
      "p99_latency_ms": 11.850330998349818,
      "max_latency_ms": 11.92349999837461,
      "avg_bytes_read": 14748.15,
      "max_bytes_read": 14749.0,
      "avg_blocks_materialized": 50.0,
      "avg_embedding_rows_scanned": 1000.0,
      "avg_resident_mb": 0.014065150000000002,
      "max_resident_mb": 0.014066,
      "index_size_mb": 2.8397483825683594,
      "ooc_metrics_coverage": 100.0,
      "size": 1000
    },
    {
      "strategy": "ooc_marker_entity_pruned",
      "candidate_cap": 200,
      "count": 20,
      "overall_em": 100.0,
      "gh_em_global": 100.0,
      "no_leak_pass_rate": 100.0,
      "llm_bypass_rate": 100.0,
      "mean_latency_ms": 2.2847350004667533,
      "p50_latency_ms": 2.2258000026340596,
      "p95_latency_ms": 2.8448800001569907,
      "p99_latency_ms": 3.0224159999852414,
      "max_latency_ms": 3.0667999999423046,
      "avg_bytes_read": 338.45,
      "max_bytes_read": 376.0,
      "avg_blocks_materialized": 1.0,
      "avg_embedding_rows_scanned": 1.0,
      "avg_resident_mb": 0.00032294999999999996,
      "max_resident_mb": 0.000359,
      "index_size_mb": 2.8397483825683594,
      "ooc_metrics_coverage": 100.0,
      "size": 1000
    },
    {
      "strategy": "ooc_candidate_cap_sweep",
      "candidate_cap": 20,
      "count": 20,
      "overall_em": 100.0,
      "gh_em_global": 100.0,
      "no_leak_pass_rate": 100.0,
      "llm_bypass_rate": 100.0,
      "mean_latency_ms": 9.612464999736403,
      "p50_latency_ms": 9.705349999421742,
      "p95_latency_ms": 10.537849998763704,
      "p99_latency_ms": 10.818289996932435,
      "max_latency_ms": 10.888399996474618,
      "avg_bytes_read": 14747.05,
      "max_bytes_read": 14749.0,
      "avg_blocks_materialized": 50.0,
      "avg_embedding_rows_scanned": 1000.0,
      "avg_resident_mb": 0.01406405,
      "max_resident_mb": 0.014066,
      "index_size_mb": 2.8397483825683594,
      "ooc_metrics_coverage": 100.0,
      "size": 1000
    },
    {
      "strategy": "ooc_candidate_cap_sweep",
      "candidate_cap": 50,
      "count": 20,
      "overall_em": 100.0,
      "gh_em_global": 100.0,
      "no_leak_pass_rate": 100.0,
      "llm_bypass_rate": 100.0,
      "mean_latency_ms": 10.88182500025141,
      "p50_latency_ms": 10.47264999942854,
      "p95_latency_ms": 13.149714999053687,
      "p99_latency_ms": 14.473862998311231,
      "max_latency_ms": 14.80489999812562,
      "avg_bytes_read": 14745.95,
      "max_bytes_read": 14748.0,
      "avg_blocks_materialized": 50.0,
      "avg_embedding_rows_scanned": 1000.0,
      "avg_resident_mb": 0.014062950000000001,
      "max_resident_mb": 0.014065,
      "index_size_mb": 2.8397483825683594,
      "ooc_metrics_coverage": 100.0,
      "size": 1000
    },
    {
      "strategy": "ooc_candidate_cap_sweep",
      "candidate_cap": 200,
      "count": 20,
      "overall_em": 100.0,
      "gh_em_global": 100.0,
      "no_leak_pass_rate": 100.0,
      "llm_bypass_rate": 100.0,
      "mean_latency_ms": 9.37869999979739,
      "p50_latency_ms": 9.249650000128895,
      "p95_latency_ms": 10.182855001767166,
      "p99_latency_ms": 10.457291001221165,
      "max_latency_ms": 10.525900001084665,
      "avg_bytes_read": 14748.15,
      "max_bytes_read": 14749.0,
      "avg_blocks_materialized": 50.0,
      "avg_embedding_rows_scanned": 1000.0,
      "avg_resident_mb": 0.014065150000000002,
      "max_resident_mb": 0.014066,
      "index_size_mb": 2.8397483825683594,
      "ooc_metrics_coverage": 100.0,
      "size": 1000
    },
    {
      "strategy": "legacy_memory_scan",
      "candidate_cap": null,
      "count": 20,
      "overall_em": 100.0,
      "gh_em_global": 100.0,
      "no_leak_pass_rate": 100.0,
      "llm_bypass_rate": 100.0,
      "mean_latency_ms": 7.649190000120143,
      "p50_latency_ms": 7.326850000026752,
      "p95_latency_ms": 9.008919998814235,
      "p99_latency_ms": 9.41202399924805,
      "max_latency_ms": 9.512799999356503,
      "avg_bytes_read": 0.0,
      "max_bytes_read": 0.0,
      "avg_blocks_materialized": 10000.0,
      "avg_embedding_rows_scanned": 10000.0,
      "avg_resident_mb": 43.364136695861816,
      "max_resident_mb": 43.364136695861816,
      "index_size_mb": 28.715699195861816,
      "ooc_metrics_coverage": 0.0,
      "size": 10000
    },
    {
      "strategy": "ooc_full_scan",
      "candidate_cap": 200,
      "count": 20,
      "overall_em": 100.0,
      "gh_em_global": 100.0,
      "no_leak_pass_rate": 100.0,
      "llm_bypass_rate": 100.0,
      "mean_latency_ms": 33.664985000177694,
      "p50_latency_ms": 33.40550000211806,
      "p95_latency_ms": 37.62141500101279,
      "p99_latency_ms": 40.00652300001092,
      "max_latency_ms": 40.602799999760464,
      "avg_bytes_read": 14775.85,
      "max_bytes_read": 14778.0,
      "avg_blocks_materialized": 50.0,
      "avg_embedding_rows_scanned": 10000.0,
      "avg_resident_mb": 0.014091250000000003,
      "max_resident_mb": 0.014093,
      "index_size_mb": 28.715699195861816,
      "ooc_metrics_coverage": 100.0,
      "size": 10000
    },
    {
      "strategy": "ooc_marker_entity_pruned",
      "candidate_cap": 200,
      "count": 20,
      "overall_em": 100.0,
      "gh_em_global": 100.0,
      "no_leak_pass_rate": 100.0,
      "llm_bypass_rate": 100.0,
      "mean_latency_ms": 2.398219999486173,
      "p50_latency_ms": 2.383800001553027,
      "p95_latency_ms": 2.7556649991311133,
      "p99_latency_ms": 2.9010530002415176,
      "max_latency_ms": 2.937400000519119,
      "avg_bytes_read": 338.45,
      "max_bytes_read": 376.0,
      "avg_blocks_materialized": 1.0,
      "avg_embedding_rows_scanned": 1.0,
      "avg_resident_mb": 0.00032294999999999996,
      "max_resident_mb": 0.000359,
      "index_size_mb": 28.715699195861816,
      "ooc_metrics_coverage": 100.0,
      "size": 10000
    },
    {
      "strategy": "ooc_candidate_cap_sweep",
      "candidate_cap": 20,
      "count": 20,
      "overall_em": 100.0,
      "gh_em_global": 100.0,
      "no_leak_pass_rate": 100.0,
      "llm_bypass_rate": 100.0,
      "mean_latency_ms": 32.97794999925827,
      "p50_latency_ms": 33.27460000218707,
      "p95_latency_ms": 36.71946499780461,
      "p99_latency_ms": 39.56285299987939,
      "max_latency_ms": 40.273700000398094,
      "avg_bytes_read": 14776.95,
      "max_bytes_read": 14779.0,
      "avg_blocks_materialized": 50.0,
      "avg_embedding_rows_scanned": 10000.0,
      "avg_resident_mb": 0.014092100000000002,
      "max_resident_mb": 0.014094,
      "index_size_mb": 28.715699195861816,
      "ooc_metrics_coverage": 100.0,
      "size": 10000
    },
    {
      "strategy": "ooc_candidate_cap_sweep",
      "candidate_cap": 50,
      "count": 20,
      "overall_em": 100.0,
      "gh_em_global": 100.0,