{
  "candidate_cap_sweep": [
    {
      "strategy": "ooc_full_scan",
      "candidate_cap": 20,
      "count": 20,
      "overall_em": 100.0,
      "gh_em_global": 100.0,
      "no_leak_pass_rate": 100.0,
      "llm_bypass_rate": 100.0,
      "mean_latency_ms": 275.27482499990583,
      "p50_latency_ms": 265.03349999802595,
      "p95_latency_ms": 392.00026499929663,
      "p99_latency_ms": 401.11213300006057,
      "max_latency_ms": 403.39010000025155,
      "avg_bytes_read": 14814.15,
      "max_bytes_read": 14816.0,
      "avg_blocks_materialized": 50.0,
      "avg_embedding_rows_scanned": 100000.0,
      "avg_resident_mb": 0.01412815,
      "max_resident_mb": 0.01413,
      "index_size_mb": 290.54279136657715,
      "ooc_metrics_coverage": 100.0,
      "avg_ann_recall_at_k": null,
      "ann_used_rate": null,
      "ann_available_rate": null,
      "ann_fallback_reasons": []
    },
    {
      "strategy": "ooc_full_scan",
      "candidate_cap": 50,
      "count": 20,
      "overall_em": 100.0,
      "gh_em_global": 100.0,
      "no_leak_pass_rate": 100.0,
      "llm_bypass_rate": 100.0,
      "mean_latency_ms": 281.610069999806,
      "p50_latency_ms": 273.541299999124,
      "p95_latency_ms": 400.0769649974245,
      "p99_latency_ms": 411.46579300038866,
      "max_latency_ms": 414.3130000011297,
      "avg_bytes_read": 14541.5,
      "max_bytes_read": 14816.0,
      "avg_blocks_materialized": 50.0,
      "avg_embedding_rows_scanned": 100000.0,
      "avg_resident_mb": 0.013867899999999999,
      "max_resident_mb": 0.01413,
      "index_size_mb": 290.54279136657715,
      "ooc_metrics_coverage": 100.0,
      "avg_ann_recall_at_k": null,
      "ann_used_rate": null,
      "ann_available_rate": null,
      "ann_fallback_reasons": []
    },
    {
      "strategy": "ooc_full_scan",
      "candidate_cap": 200,
      "count": 20,
      "overall_em": 100.0,
      "gh_em_global": 100.0,
      "no_leak_pass_rate": 100.0,
      "llm_bypass_rate": 100.0,
      "mean_latency_ms": 279.72268000012264,
      "p50_latency_ms": 271.30105000105686,
      "p95_latency_ms": 415.3024350016494,
      "p99_latency_ms": 425.47480699868174,
      "max_latency_ms": 428.0178999979398,
      "avg_bytes_read": 14541.55,
      "max_bytes_read": 14816.0,
      "avg_blocks_materialized": 50.0,
      "avg_embedding_rows_scanned": 100000.0,
      "avg_resident_mb": 0.01386795,
      "max_resident_mb": 0.01413,
      "index_size_mb": 290.54279136657715,
      "ooc_metrics_coverage": 100.0,
      "avg_ann_recall_at_k": null,
      "ann_used_rate": null,
      "ann_available_rate": null,
      "ann_fallback_reasons": []
    }
  ]
}