{
  "candidate_cap_sweep": [
    {
      "strategy": "ooc_full_scan",
      "candidate_cap": 20,
      "count": 20,
      "overall_em": 100.0,
      "gh_em_global": 100.0,
      "no_leak_pass_rate": 100.0,
      "llm_bypass_rate": 100.0,
      "mean_latency_ms": 9.612464999736403,
      "p50_latency_ms": 9.705349999421742,
      "p95_latency_ms": 10.537849998763704,
      "p99_latency_ms": 10.818289996932435,
      "max_latency_ms": 10.888399996474618,
      "avg_bytes_read": 14747.05,
      "max_bytes_read": 14749.0,
      "avg_blocks_materialized": 50.0,
      "avg_embedding_rows_scanned": 1000.0,
      "avg_resident_mb": 0.01406405,
      "max_resident_mb": 0.014066,
      "index_size_mb": 2.8397483825683594,
      "ooc_metrics_coverage": 100.0
    },
    {
      "strategy": "ooc_full_scan",
      "candidate_cap": 50,
      "count": 20,
      "overall_em": 100.0,
      "gh_em_global": 100.0,
      "no_leak_pass_rate": 100.0,
      "llm_bypass_rate": 100.0,
      "mean_latency_ms": 10.88182500025141,
      "p50_latency_ms": 10.47264999942854,
      "p95_latency_ms": 13.149714999053687,
      "p99_latency_ms": 14.473862998311231,
      "max_latency_ms": 14.80489999812562,
      "avg_bytes_read": 14745.95,
      "max_bytes_read": 14748.0,
      "avg_blocks_materialized": 50.0,
      "avg_embedding_rows_scanned": 1000.0,
      "avg_resident_mb": 0.014062950000000001,
      "max_resident_mb": 0.014065,
      "index_size_mb": 2.8397483825683594,
      "ooc_metrics_coverage": 100.0
    },
    {
      "strategy": "ooc_full_scan",
      "candidate_cap": 200,
      "count": 20,
      "overall_em": 100.0,
      "gh_em_global": 100.0,
      "no_leak_pass_rate": 100.0,
      "llm_bypass_rate": 100.0,
      "mean_latency_ms": 9.37869999979739,
      "p50_latency_ms": 9.249650000128895,
      "p95_latency_ms": 10.182855001767166,
      "p99_latency_ms": 10.457291001221165,
      "max_latency_ms": 10.525900001084665,
      "avg_bytes_read": 14748.15,
      "max_bytes_read": 14749.0,
      "avg_blocks_materialized": 50.0,
      "avg_embedding_rows_scanned": 1000.0,
      "avg_resident_mb": 0.014065150000000002,
      "max_resident_mb": 0.014066,
      "index_size_mb": 2.8397483825683594,
      "ooc_metrics_coverage": 100.0
    }
  ]
}