{
  "candidate_cap_sweep": [
    {
      "strategy": "ooc_full_scan",
      "candidate_cap": 20,
      "count": 20,
      "overall_em": 100.0,
      "gh_em_global": 100.0,
      "no_leak_pass_rate": 100.0,
      "llm_bypass_rate": 100.0,
      "mean_latency_ms": 73.63254000010784,
      "p50_latency_ms": 72.44064999940747,
      "p95_latency_ms": 76.26447499933421,
      "p99_latency_ms": 85.9160950014484,
      "max_latency_ms": 88.32900000197696,
      "avg_bytes_read": 14747.05,
      "max_bytes_read": 14749.0,
      "avg_blocks_materialized": 50.0,
      "avg_embedding_rows_scanned": 1000.0,
      "avg_resident_mb": 0.01406405,
      "max_resident_mb": 0.014066,
      "index_size_mb": 2.8397483825683594,
      "ooc_metrics_coverage": 100.0
    },
    {
      "strategy": "ooc_full_scan",
      "candidate_cap": 50,
      "count": 20,
      "overall_em": 100.0,
      "gh_em_global": 100.0,
      "no_leak_pass_rate": 100.0,
      "llm_bypass_rate": 100.0,
      "mean_latency_ms": 74.0314849996139,
      "p50_latency_ms": 72.85389999924519,
      "p95_latency_ms": 78.66190000258939,
      "p99_latency_ms": 79.02518000115379,
      "max_latency_ms": 79.11600000079488,
      "avg_bytes_read": 14745.95,
      "max_bytes_read": 14748.0,
      "avg_blocks_materialized": 50.0,
      "avg_embedding_rows_scanned": 1000.0,
      "avg_resident_mb": 0.014062950000000001,
      "max_resident_mb": 0.014065,
      "index_size_mb": 2.8397483825683594,
      "ooc_metrics_coverage": 100.0
    },
    {
      "strategy": "ooc_full_scan",
      "candidate_cap": 200,
      "count": 20,
      "overall_em": 100.0,
      "gh_em_global": 100.0,
      "no_leak_pass_rate": 100.0,
      "llm_bypass_rate": 100.0,
      "mean_latency_ms": 74.61842999964574,
      "p50_latency_ms": 73.80120000016177,
      "p95_latency_ms": 81.26590500160091,
      "p99_latency_ms": 83.84846099997958,
      "max_latency_ms": 84.49409999957425,
      "avg_bytes_read": 14748.15,
      "max_bytes_read": 14749.0,
      "avg_blocks_materialized": 50.0,
      "avg_embedding_rows_scanned": 1000.0,
      "avg_resident_mb": 0.014065150000000002,
      "max_resident_mb": 0.014066,
      "index_size_mb": 2.8397483825683594,
      "ooc_metrics_coverage": 100.0
    }
  ]
}