{
  "candidate_cap_sweep": [
    {
      "strategy": "ooc_full_scan",
      "candidate_cap": 20,
      "count": 20,
      "overall_em": 100.0,
      "gh_em_global": 100.0,
      "no_leak_pass_rate": 100.0,
      "llm_bypass_rate": 100.0,
      "mean_latency_ms": 34.97763000032137,
      "p50_latency_ms": 33.76275000118767,
      "p95_latency_ms": 46.397560000150406,
      "p99_latency_ms": 49.45975200109387,
      "max_latency_ms": 50.22530000132974,
      "avg_bytes_read": 14784.0,
      "max_bytes_read": 14786.0,
      "avg_blocks_materialized": 50.0,
      "avg_embedding_rows_scanned": 10000.0,
      "avg_resident_mb": 0.014099,
      "max_resident_mb": 0.014101,
      "index_size_mb": 28.716947555541992,
      "ooc_metrics_coverage": 100.0,
      "avg_ann_recall_at_k": null,
      "ann_used_rate": null,
      "ann_available_rate": null,
      "ann_fallback_reasons": []
    },
    {
      "strategy": "ooc_full_scan",
      "candidate_cap": 50,
      "count": 20,
      "overall_em": 100.0,
      "gh_em_global": 100.0,
      "no_leak_pass_rate": 100.0,
      "llm_bypass_rate": 100.0,
      "mean_latency_ms": 34.92114499968011,
      "p50_latency_ms": 33.72924999894167,
      "p95_latency_ms": 45.942994998404174,
      "p99_latency_ms": 46.87771899909421,
      "max_latency_ms": 47.11139999926672,
      "avg_bytes_read": 14701.6,
      "max_bytes_read": 14786.0,
      "avg_blocks_materialized": 50.0,
      "avg_embedding_rows_scanned": 10000.0,
      "avg_resident_mb": 0.01402045,
      "max_resident_mb": 0.014101,
      "index_size_mb": 28.716947555541992,
      "ooc_metrics_coverage": 100.0,
      "avg_ann_recall_at_k": null,
      "ann_used_rate": null,
      "ann_available_rate": null,
      "ann_fallback_reasons": []
    },
    {
      "strategy": "ooc_full_scan",
      "candidate_cap": 200,
      "count": 20,
      "overall_em": 100.0,
      "gh_em_global": 100.0,
      "no_leak_pass_rate": 100.0,
      "llm_bypass_rate": 100.0,
      "mean_latency_ms": 37.796304999938,
      "p50_latency_ms": 37.27400000025227,
      "p95_latency_ms": 49.519329997383466,
      "p99_latency_ms": 50.96074599929125,
      "max_latency_ms": 51.321099999768194,
      "avg_bytes_read": 14707.8,
      "max_bytes_read": 14786.0,
      "avg_blocks_materialized": 50.0,
      "avg_embedding_rows_scanned": 10000.0,
      "avg_resident_mb": 0.0140263,
      "max_resident_mb": 0.014101,
      "index_size_mb": 28.716947555541992,
      "ooc_metrics_coverage": 100.0,
      "avg_ann_recall_at_k": null,
      "ann_used_rate": null,
      "ann_available_rate": null,
      "ann_fallback_reasons": []
    }
  ]
}